/*Crear 125 usuarios*/
delete from usuario;

/*Usuarios pacientes*/
insert into usuario (id, documento_identidad, contrasenna) values (4, '97071624D','$2a$10$8NdVDGy2VFmkC.8TCbR2/eAHnqe/flNrLtpP0KNBYLMteSHBRulaC');
insert into usuario (id, documento_identidad, contrasenna) values (5, '97770393S','$2a$10$8NdVDGy2VFmkC.8TCbR2/eAHnqe/flNrLtpP0KNBYLMteSHBRulaC');
insert into usuario (id, documento_identidad, contrasenna) values (6, '33991708P','$2a$10$8NdVDGy2VFmkC.8TCbR2/eAHnqe/flNrLtpP0KNBYLMteSHBRulaC');
insert into usuario (id, documento_identidad, contrasenna) values (7, '84752772A','$2a$10$8NdVDGy2VFmkC.8TCbR2/eAHnqe/flNrLtpP0KNBYLMteSHBRulaC');
insert into usuario (id, documento_identidad, contrasenna) values (8, '54081137H','$2a$10$8NdVDGy2VFmkC.8TCbR2/eAHnqe/flNrLtpP0KNBYLMteSHBRulaC');
insert into usuario (id, documento_identidad, contrasenna) values (9, '98489521W','$2a$10$8NdVDGy2VFmkC.8TCbR2/eAHnqe/flNrLtpP0KNBYLMteSHBRulaC');
insert into usuario (id, documento_identidad, contrasenna) values (10, '54545837A','$2a$10$8NdVDGy2VFmkC.8TCbR2/eAHnqe/flNrLtpP0KNBYLMteSHBRulaC');
insert into usuario (id, documento_identidad, contrasenna) values (11, '10019454X','$2a$10$8NdVDGy2VFmkC.8TCbR2/eAHnqe/flNrLtpP0KNBYLMteSHBRulaC');
insert into usuario (id, documento_identidad, contrasenna) values (12, '64794173E','$2a$10$8NdVDGy2VFmkC.8TCbR2/eAHnqe/flNrLtpP0KNBYLMteSHBRulaC');
insert into usuario (id, documento_identidad, contrasenna) values (13, '84440301X','$2a$10$8NdVDGy2VFmkC.8TCbR2/eAHnqe/flNrLtpP0KNBYLMteSHBRulaC');

insert into usuario (id, documento_identidad, contrasenna) values (14, '91303895J','$2a$10$8NdVDGy2VFmkC.8TCbR2/eAHnqe/flNrLtpP0KNBYLMteSHBRulaC');
insert into usuario (id, documento_identidad, contrasenna) values (15, '99686233R','$2a$10$8NdVDGy2VFmkC.8TCbR2/eAHnqe/flNrLtpP0KNBYLMteSHBRulaC');
insert into usuario (id, documento_identidad, contrasenna) values (16, '68413878X','$2a$10$8NdVDGy2VFmkC.8TCbR2/eAHnqe/flNrLtpP0KNBYLMteSHBRulaC');
insert into usuario (id, documento_identidad, contrasenna) values (17, '34694917S','$2a$10$8NdVDGy2VFmkC.8TCbR2/eAHnqe/flNrLtpP0KNBYLMteSHBRulaC');
insert into usuario (id, documento_identidad, contrasenna) values (18, '14529988Z','$2a$10$8NdVDGy2VFmkC.8TCbR2/eAHnqe/flNrLtpP0KNBYLMteSHBRulaC');
insert into usuario (id, documento_identidad, contrasenna) values (19, '34290262E','$2a$10$8NdVDGy2VFmkC.8TCbR2/eAHnqe/flNrLtpP0KNBYLMteSHBRulaC');
insert into usuario (id, documento_identidad, contrasenna) values (20, '34328547N','$2a$10$8NdVDGy2VFmkC.8TCbR2/eAHnqe/flNrLtpP0KNBYLMteSHBRulaC');
insert into usuario (id, documento_identidad, contrasenna) values (21, '39862815C','$2a$10$8NdVDGy2VFmkC.8TCbR2/eAHnqe/flNrLtpP0KNBYLMteSHBRulaC');
insert into usuario (id, documento_identidad, contrasenna) values (22, '73571733T','$2a$10$8NdVDGy2VFmkC.8TCbR2/eAHnqe/flNrLtpP0KNBYLMteSHBRulaC');
insert into usuario (id, documento_identidad, contrasenna) values (23, '96877053H','$2a$10$8NdVDGy2VFmkC.8TCbR2/eAHnqe/flNrLtpP0KNBYLMteSHBRulaC');

insert into usuario (id, documento_identidad, contrasenna) values (24, '07781610C','$2a$10$8NdVDGy2VFmkC.8TCbR2/eAHnqe/flNrLtpP0KNBYLMteSHBRulaC');
insert into usuario (id, documento_identidad, contrasenna) values (25, '49449560C','$2a$10$8NdVDGy2VFmkC.8TCbR2/eAHnqe/flNrLtpP0KNBYLMteSHBRulaC');
insert into usuario (id, documento_identidad, contrasenna) values (26, '36798516B','$2a$10$8NdVDGy2VFmkC.8TCbR2/eAHnqe/flNrLtpP0KNBYLMteSHBRulaC');
insert into usuario (id, documento_identidad, contrasenna) values (27, '43428140T','$2a$10$8NdVDGy2VFmkC.8TCbR2/eAHnqe/flNrLtpP0KNBYLMteSHBRulaC');
insert into usuario (id, documento_identidad, contrasenna) values (28, '71862342S','$2a$10$8NdVDGy2VFmkC.8TCbR2/eAHnqe/flNrLtpP0KNBYLMteSHBRulaC');
insert into usuario (id, documento_identidad, contrasenna) values (29, '90488120W','$2a$10$8NdVDGy2VFmkC.8TCbR2/eAHnqe/flNrLtpP0KNBYLMteSHBRulaC');

insert into usuario (id, documento_identidad, contrasenna) values (30, '82122931M','$2a$10$8NdVDGy2VFmkC.8TCbR2/eAHnqe/flNrLtpP0KNBYLMteSHBRulaC');
insert into usuario (id, documento_identidad, contrasenna) values (31, '81603995H','$2a$10$8NdVDGy2VFmkC.8TCbR2/eAHnqe/flNrLtpP0KNBYLMteSHBRulaC');
insert into usuario (id, documento_identidad, contrasenna) values (32, '96790432S','$2a$10$8NdVDGy2VFmkC.8TCbR2/eAHnqe/flNrLtpP0KNBYLMteSHBRulaC');
insert into usuario (id, documento_identidad, contrasenna) values (33, '51364242K','$2a$10$8NdVDGy2VFmkC.8TCbR2/eAHnqe/flNrLtpP0KNBYLMteSHBRulaC');
insert into usuario (id, documento_identidad, contrasenna) values (34, '44505134L','$2a$10$8NdVDGy2VFmkC.8TCbR2/eAHnqe/flNrLtpP0KNBYLMteSHBRulaC');
insert into usuario (id, documento_identidad, contrasenna) values (35, '16237717Q','$2a$10$8NdVDGy2VFmkC.8TCbR2/eAHnqe/flNrLtpP0KNBYLMteSHBRulaC');
insert into usuario (id, documento_identidad, contrasenna) values (36, '36113056C','$2a$10$8NdVDGy2VFmkC.8TCbR2/eAHnqe/flNrLtpP0KNBYLMteSHBRulaC');
insert into usuario (id, documento_identidad, contrasenna) values (37, '24213979Q','$2a$10$8NdVDGy2VFmkC.8TCbR2/eAHnqe/flNrLtpP0KNBYLMteSHBRulaC');
insert into usuario (id, documento_identidad, contrasenna) values (38, '12342326C','$2a$10$8NdVDGy2VFmkC.8TCbR2/eAHnqe/flNrLtpP0KNBYLMteSHBRulaC');
insert into usuario (id, documento_identidad, contrasenna) values (39, '00129136Z','$2a$10$8NdVDGy2VFmkC.8TCbR2/eAHnqe/flNrLtpP0KNBYLMteSHBRulaC');

insert into usuario (id, documento_identidad, contrasenna) values (40, '99947616N','$2a$10$8NdVDGy2VFmkC.8TCbR2/eAHnqe/flNrLtpP0KNBYLMteSHBRulaC');
insert into usuario (id, documento_identidad, contrasenna) values (41, '85103721H','$2a$10$8NdVDGy2VFmkC.8TCbR2/eAHnqe/flNrLtpP0KNBYLMteSHBRulaC');
insert into usuario (id, documento_identidad, contrasenna) values (42, '01863265N','$2a$10$8NdVDGy2VFmkC.8TCbR2/eAHnqe/flNrLtpP0KNBYLMteSHBRulaC');
insert into usuario (id, documento_identidad, contrasenna) values (43, '35841448L','$2a$10$8NdVDGy2VFmkC.8TCbR2/eAHnqe/flNrLtpP0KNBYLMteSHBRulaC');
insert into usuario (id, documento_identidad, contrasenna) values (44, '36973266F','$2a$10$8NdVDGy2VFmkC.8TCbR2/eAHnqe/flNrLtpP0KNBYLMteSHBRulaC');
insert into usuario (id, documento_identidad, contrasenna) values (45, '69511774R','$2a$10$8NdVDGy2VFmkC.8TCbR2/eAHnqe/flNrLtpP0KNBYLMteSHBRulaC');
insert into usuario (id, documento_identidad, contrasenna) values (46, '17123387W','$2a$10$8NdVDGy2VFmkC.8TCbR2/eAHnqe/flNrLtpP0KNBYLMteSHBRulaC');
insert into usuario (id, documento_identidad, contrasenna) values (47, '14589455A','$2a$10$8NdVDGy2VFmkC.8TCbR2/eAHnqe/flNrLtpP0KNBYLMteSHBRulaC');
insert into usuario (id, documento_identidad, contrasenna) values (48, '60955434Y','$2a$10$8NdVDGy2VFmkC.8TCbR2/eAHnqe/flNrLtpP0KNBYLMteSHBRulaC');
insert into usuario (id, documento_identidad, contrasenna) values (49, '43251970X','$2a$10$8NdVDGy2VFmkC.8TCbR2/eAHnqe/flNrLtpP0KNBYLMteSHBRulaC');

insert into usuario (id, documento_identidad, contrasenna) values (50, '87730963Q','$2a$10$8NdVDGy2VFmkC.8TCbR2/eAHnqe/flNrLtpP0KNBYLMteSHBRulaC');
insert into usuario (id, documento_identidad, contrasenna) values (51, '75731952J','$2a$10$8NdVDGy2VFmkC.8TCbR2/eAHnqe/flNrLtpP0KNBYLMteSHBRulaC');
insert into usuario (id, documento_identidad, contrasenna) values (52, '94463450N','$2a$10$8NdVDGy2VFmkC.8TCbR2/eAHnqe/flNrLtpP0KNBYLMteSHBRulaC');
insert into usuario (id, documento_identidad, contrasenna) values (53, '60248506Y','$2a$10$8NdVDGy2VFmkC.8TCbR2/eAHnqe/flNrLtpP0KNBYLMteSHBRulaC');
insert into usuario (id, documento_identidad, contrasenna) values (54, '94750803A','$2a$10$8NdVDGy2VFmkC.8TCbR2/eAHnqe/flNrLtpP0KNBYLMteSHBRulaC');
insert into usuario (id, documento_identidad, contrasenna) values (55, '62771701D','$2a$10$8NdVDGy2VFmkC.8TCbR2/eAHnqe/flNrLtpP0KNBYLMteSHBRulaC');

insert into usuario (id, documento_identidad, contrasenna) values (56, '64132874L','$2a$10$8NdVDGy2VFmkC.8TCbR2/eAHnqe/flNrLtpP0KNBYLMteSHBRulaC');
insert into usuario (id, documento_identidad, contrasenna) values (57, '14274023Q','$2a$10$8NdVDGy2VFmkC.8TCbR2/eAHnqe/flNrLtpP0KNBYLMteSHBRulaC');
insert into usuario (id, documento_identidad, contrasenna) values (58, '70051085P','$2a$10$8NdVDGy2VFmkC.8TCbR2/eAHnqe/flNrLtpP0KNBYLMteSHBRulaC');
insert into usuario (id, documento_identidad, contrasenna) values (59, '78396885M','$2a$10$8NdVDGy2VFmkC.8TCbR2/eAHnqe/flNrLtpP0KNBYLMteSHBRulaC');
insert into usuario (id, documento_identidad, contrasenna) values (60, '27909884M','$2a$10$8NdVDGy2VFmkC.8TCbR2/eAHnqe/flNrLtpP0KNBYLMteSHBRulaC');
insert into usuario (id, documento_identidad, contrasenna) values (61, '37579213L','$2a$10$8NdVDGy2VFmkC.8TCbR2/eAHnqe/flNrLtpP0KNBYLMteSHBRulaC');
insert into usuario (id, documento_identidad, contrasenna) values (62, '39634694J','$2a$10$8NdVDGy2VFmkC.8TCbR2/eAHnqe/flNrLtpP0KNBYLMteSHBRulaC');
insert into usuario (id, documento_identidad, contrasenna) values (63, '29097609X','$2a$10$8NdVDGy2VFmkC.8TCbR2/eAHnqe/flNrLtpP0KNBYLMteSHBRulaC');
insert into usuario (id, documento_identidad, contrasenna) values (64, '14494673G','$2a$10$8NdVDGy2VFmkC.8TCbR2/eAHnqe/flNrLtpP0KNBYLMteSHBRulaC');
insert into usuario (id, documento_identidad, contrasenna) values (65, '74217053D','$2a$10$8NdVDGy2VFmkC.8TCbR2/eAHnqe/flNrLtpP0KNBYLMteSHBRulaC');

insert into usuario (id, documento_identidad, contrasenna) values (66, '24329533H','$2a$10$8NdVDGy2VFmkC.8TCbR2/eAHnqe/flNrLtpP0KNBYLMteSHBRulaC');
insert into usuario (id, documento_identidad, contrasenna) values (67, '71103721A','$2a$10$8NdVDGy2VFmkC.8TCbR2/eAHnqe/flNrLtpP0KNBYLMteSHBRulaC');
insert into usuario (id, documento_identidad, contrasenna) values (68, '49106166Q','$2a$10$8NdVDGy2VFmkC.8TCbR2/eAHnqe/flNrLtpP0KNBYLMteSHBRulaC');
insert into usuario (id, documento_identidad, contrasenna) values (69, '80400834X','$2a$10$8NdVDGy2VFmkC.8TCbR2/eAHnqe/flNrLtpP0KNBYLMteSHBRulaC');
insert into usuario (id, documento_identidad, contrasenna) values (70, '62779135Z','$2a$10$8NdVDGy2VFmkC.8TCbR2/eAHnqe/flNrLtpP0KNBYLMteSHBRulaC');
insert into usuario (id, documento_identidad, contrasenna) values (71, '62638316R','$2a$10$8NdVDGy2VFmkC.8TCbR2/eAHnqe/flNrLtpP0KNBYLMteSHBRulaC');
insert into usuario (id, documento_identidad, contrasenna) values (72, '61747240Z','$2a$10$8NdVDGy2VFmkC.8TCbR2/eAHnqe/flNrLtpP0KNBYLMteSHBRulaC');
insert into usuario (id, documento_identidad, contrasenna) values (73, '78067602J','$2a$10$8NdVDGy2VFmkC.8TCbR2/eAHnqe/flNrLtpP0KNBYLMteSHBRulaC');
insert into usuario (id, documento_identidad, contrasenna) values (74, '87515060Z','$2a$10$8NdVDGy2VFmkC.8TCbR2/eAHnqe/flNrLtpP0KNBYLMteSHBRulaC');
insert into usuario (id, documento_identidad, contrasenna) values (75, '00271936F','$2a$10$8NdVDGy2VFmkC.8TCbR2/eAHnqe/flNrLtpP0KNBYLMteSHBRulaC');

insert into usuario (id, documento_identidad, contrasenna) values (76, '81239379K','$2a$10$8NdVDGy2VFmkC.8TCbR2/eAHnqe/flNrLtpP0KNBYLMteSHBRulaC');
insert into usuario (id, documento_identidad, contrasenna) values (77, '19588576M','$2a$10$8NdVDGy2VFmkC.8TCbR2/eAHnqe/flNrLtpP0KNBYLMteSHBRulaC');
insert into usuario (id, documento_identidad, contrasenna) values (78, '03109264D','$2a$10$8NdVDGy2VFmkC.8TCbR2/eAHnqe/flNrLtpP0KNBYLMteSHBRulaC');
insert into usuario (id, documento_identidad, contrasenna) values (79, '70183895Q','$2a$10$8NdVDGy2VFmkC.8TCbR2/eAHnqe/flNrLtpP0KNBYLMteSHBRulaC');
insert into usuario (id, documento_identidad, contrasenna) values (80, '18642791A','$2a$10$8NdVDGy2VFmkC.8TCbR2/eAHnqe/flNrLtpP0KNBYLMteSHBRulaC');
insert into usuario (id, documento_identidad, contrasenna) values (81, '87307905C','$2a$10$8NdVDGy2VFmkC.8TCbR2/eAHnqe/flNrLtpP0KNBYLMteSHBRulaC');

insert into usuario (id, documento_identidad, contrasenna) values (82, '11911795A','$2a$10$8NdVDGy2VFmkC.8TCbR2/eAHnqe/flNrLtpP0KNBYLMteSHBRulaC');
insert into usuario (id, documento_identidad, contrasenna) values (83, '18918099R','$2a$10$8NdVDGy2VFmkC.8TCbR2/eAHnqe/flNrLtpP0KNBYLMteSHBRulaC');
insert into usuario (id, documento_identidad, contrasenna) values (84, '36501736T','$2a$10$8NdVDGy2VFmkC.8TCbR2/eAHnqe/flNrLtpP0KNBYLMteSHBRulaC');
insert into usuario (id, documento_identidad, contrasenna) values (85, '74057777P','$2a$10$8NdVDGy2VFmkC.8TCbR2/eAHnqe/flNrLtpP0KNBYLMteSHBRulaC');
insert into usuario (id, documento_identidad, contrasenna) values (86, '66280115A','$2a$10$8NdVDGy2VFmkC.8TCbR2/eAHnqe/flNrLtpP0KNBYLMteSHBRulaC');
insert into usuario (id, documento_identidad, contrasenna) values (87, '11924848S','$2a$10$8NdVDGy2VFmkC.8TCbR2/eAHnqe/flNrLtpP0KNBYLMteSHBRulaC');
insert into usuario (id, documento_identidad, contrasenna) values (88, '17234512Z','$2a$10$8NdVDGy2VFmkC.8TCbR2/eAHnqe/flNrLtpP0KNBYLMteSHBRulaC');
insert into usuario (id, documento_identidad, contrasenna) values (89, '86387293Y','$2a$10$8NdVDGy2VFmkC.8TCbR2/eAHnqe/flNrLtpP0KNBYLMteSHBRulaC');
insert into usuario (id, documento_identidad, contrasenna) values (90, '14053025W','$2a$10$8NdVDGy2VFmkC.8TCbR2/eAHnqe/flNrLtpP0KNBYLMteSHBRulaC');
insert into usuario (id, documento_identidad, contrasenna) values (91, '24686493H','$2a$10$8NdVDGy2VFmkC.8TCbR2/eAHnqe/flNrLtpP0KNBYLMteSHBRulaC');

insert into usuario (id, documento_identidad, contrasenna) values (92, '13838905N','$2a$10$8NdVDGy2VFmkC.8TCbR2/eAHnqe/flNrLtpP0KNBYLMteSHBRulaC');
insert into usuario (id, documento_identidad, contrasenna) values (93, '51691802S','$2a$10$8NdVDGy2VFmkC.8TCbR2/eAHnqe/flNrLtpP0KNBYLMteSHBRulaC');
insert into usuario (id, documento_identidad, contrasenna) values (94, '32881277V','$2a$10$8NdVDGy2VFmkC.8TCbR2/eAHnqe/flNrLtpP0KNBYLMteSHBRulaC');
insert into usuario (id, documento_identidad, contrasenna) values (95, '02466856Z','$2a$10$8NdVDGy2VFmkC.8TCbR2/eAHnqe/flNrLtpP0KNBYLMteSHBRulaC');
insert into usuario (id, documento_identidad, contrasenna) values (96, '04628192V','$2a$10$8NdVDGy2VFmkC.8TCbR2/eAHnqe/flNrLtpP0KNBYLMteSHBRulaC');
insert into usuario (id, documento_identidad, contrasenna) values (97, '63133215D','$2a$10$8NdVDGy2VFmkC.8TCbR2/eAHnqe/flNrLtpP0KNBYLMteSHBRulaC');
insert into usuario (id, documento_identidad, contrasenna) values (98, '61124190B','$2a$10$8NdVDGy2VFmkC.8TCbR2/eAHnqe/flNrLtpP0KNBYLMteSHBRulaC');
insert into usuario (id, documento_identidad, contrasenna) values (99, '03860753L','$2a$10$8NdVDGy2VFmkC.8TCbR2/eAHnqe/flNrLtpP0KNBYLMteSHBRulaC');
insert into usuario (id, documento_identidad, contrasenna) values (100, '88593516T','$2a$10$8NdVDGy2VFmkC.8TCbR2/eAHnqe/flNrLtpP0KNBYLMteSHBRulaC');
insert into usuario (id, documento_identidad, contrasenna) values (101, '26874454N','$2a$10$8NdVDGy2VFmkC.8TCbR2/eAHnqe/flNrLtpP0KNBYLMteSHBRulaC');

insert into usuario (id, documento_identidad, contrasenna) values (102, '26849960J','$2a$10$8NdVDGy2VFmkC.8TCbR2/eAHnqe/flNrLtpP0KNBYLMteSHBRulaC');
insert into usuario (id, documento_identidad, contrasenna) values (103, '26670865L','$2a$10$8NdVDGy2VFmkC.8TCbR2/eAHnqe/flNrLtpP0KNBYLMteSHBRulaC');
insert into usuario (id, documento_identidad, contrasenna) values (104, '37406597H','$2a$10$8NdVDGy2VFmkC.8TCbR2/eAHnqe/flNrLtpP0KNBYLMteSHBRulaC');
insert into usuario (id, documento_identidad, contrasenna) values (105, '70716208V','$2a$10$8NdVDGy2VFmkC.8TCbR2/eAHnqe/flNrLtpP0KNBYLMteSHBRulaC');
insert into usuario (id, documento_identidad, contrasenna) values (106, '89195169L','$2a$10$8NdVDGy2VFmkC.8TCbR2/eAHnqe/flNrLtpP0KNBYLMteSHBRulaC');
insert into usuario (id, documento_identidad, contrasenna) values (107, '42424670C','$2a$10$8NdVDGy2VFmkC.8TCbR2/eAHnqe/flNrLtpP0KNBYLMteSHBRulaC');

/*Usuarios enfermeros*/
insert into usuario (id, documento_identidad, contrasenna) values (108, '00093451W','$2a$10$8NdVDGy2VFmkC.8TCbR2/eAHnqe/flNrLtpP0KNBYLMteSHBRulaC');
insert into usuario (id, documento_identidad, contrasenna) values (109, '03889390K','$2a$10$8NdVDGy2VFmkC.8TCbR2/eAHnqe/flNrLtpP0KNBYLMteSHBRulaC');
insert into usuario (id, documento_identidad, contrasenna) values (110, '42906688G','$2a$10$8NdVDGy2VFmkC.8TCbR2/eAHnqe/flNrLtpP0KNBYLMteSHBRulaC');
insert into usuario (id, documento_identidad, contrasenna) values (111, '33081722V','$2a$10$8NdVDGy2VFmkC.8TCbR2/eAHnqe/flNrLtpP0KNBYLMteSHBRulaC');
insert into usuario (id, documento_identidad, contrasenna) values (112, '91091963A','$2a$10$8NdVDGy2VFmkC.8TCbR2/eAHnqe/flNrLtpP0KNBYLMteSHBRulaC');
insert into usuario (id, documento_identidad, contrasenna) values (113, '32032152Y','$2a$10$8NdVDGy2VFmkC.8TCbR2/eAHnqe/flNrLtpP0KNBYLMteSHBRulaC');
insert into usuario (id, documento_identidad, contrasenna) values (114, '22925452H','$2a$10$8NdVDGy2VFmkC.8TCbR2/eAHnqe/flNrLtpP0KNBYLMteSHBRulaC');
insert into usuario (id, documento_identidad, contrasenna) values (115, '15467132T','$2a$10$8NdVDGy2VFmkC.8TCbR2/eAHnqe/flNrLtpP0KNBYLMteSHBRulaC');
insert into usuario (id, documento_identidad, contrasenna) values (116, '58800409N','$2a$10$8NdVDGy2VFmkC.8TCbR2/eAHnqe/flNrLtpP0KNBYLMteSHBRulaC');
insert into usuario (id, documento_identidad, contrasenna) values (117, '35785545Y','$2a$10$8NdVDGy2VFmkC.8TCbR2/eAHnqe/flNrLtpP0KNBYLMteSHBRulaC');

insert into usuario (id, documento_identidad, contrasenna) values (118, '37699744F','$2a$10$8NdVDGy2VFmkC.8TCbR2/eAHnqe/flNrLtpP0KNBYLMteSHBRulaC');
insert into usuario (id, documento_identidad, contrasenna) values (119, '83693168D','$2a$10$8NdVDGy2VFmkC.8TCbR2/eAHnqe/flNrLtpP0KNBYLMteSHBRulaC');
insert into usuario (id, documento_identidad, contrasenna) values (120, '38131857L','$2a$10$8NdVDGy2VFmkC.8TCbR2/eAHnqe/flNrLtpP0KNBYLMteSHBRulaC');
insert into usuario (id, documento_identidad, contrasenna) values (121, '52057503Q','$2a$10$8NdVDGy2VFmkC.8TCbR2/eAHnqe/flNrLtpP0KNBYLMteSHBRulaC');
insert into usuario (id, documento_identidad, contrasenna) values (122, '26930833H','$2a$10$8NdVDGy2VFmkC.8TCbR2/eAHnqe/flNrLtpP0KNBYLMteSHBRulaC');
insert into usuario (id, documento_identidad, contrasenna) values (123, '47172156F','$2a$10$8NdVDGy2VFmkC.8TCbR2/eAHnqe/flNrLtpP0KNBYLMteSHBRulaC');
insert into usuario (id, documento_identidad, contrasenna) values (124, '58156402M','$2a$10$8NdVDGy2VFmkC.8TCbR2/eAHnqe/flNrLtpP0KNBYLMteSHBRulaC');
insert into usuario (id, documento_identidad, contrasenna) values (125, '86162650G','$2a$10$8NdVDGy2VFmkC.8TCbR2/eAHnqe/flNrLtpP0KNBYLMteSHBRulaC');
insert into usuario (id, documento_identidad, contrasenna) values (126, '88095716N','$2a$10$8NdVDGy2VFmkC.8TCbR2/eAHnqe/flNrLtpP0KNBYLMteSHBRulaC');
insert into usuario (id, documento_identidad, contrasenna) values (127, '40899861L','$2a$10$8NdVDGy2VFmkC.8TCbR2/eAHnqe/flNrLtpP0KNBYLMteSHBRulaC');

insert into usuario (id, documento_identidad, contrasenna) values (128, '94976936T','$2a$10$8NdVDGy2VFmkC.8TCbR2/eAHnqe/flNrLtpP0KNBYLMteSHBRulaC');
insert into usuario (id, documento_identidad, contrasenna) values (129, '82618751Z','$2a$10$8NdVDGy2VFmkC.8TCbR2/eAHnqe/flNrLtpP0KNBYLMteSHBRulaC');
insert into usuario (id, documento_identidad, contrasenna) values (130, '39481778R','$2a$10$8NdVDGy2VFmkC.8TCbR2/eAHnqe/flNrLtpP0KNBYLMteSHBRulaC');
insert into usuario (id, documento_identidad, contrasenna) values (131, '34355554V','$2a$10$8NdVDGy2VFmkC.8TCbR2/eAHnqe/flNrLtpP0KNBYLMteSHBRulaC');
insert into usuario (id, documento_identidad, contrasenna) values (132, '99328580K','$2a$10$8NdVDGy2VFmkC.8TCbR2/eAHnqe/flNrLtpP0KNBYLMteSHBRulaC');
insert into usuario (id, documento_identidad, contrasenna) values (133, '97726133F','$2a$10$8NdVDGy2VFmkC.8TCbR2/eAHnqe/flNrLtpP0KNBYLMteSHBRulaC');
insert into usuario (id, documento_identidad, contrasenna) values (134, '26359311T','$2a$10$8NdVDGy2VFmkC.8TCbR2/eAHnqe/flNrLtpP0KNBYLMteSHBRulaC');
insert into usuario (id, documento_identidad, contrasenna) values (135, '07840495W','$2a$10$8NdVDGy2VFmkC.8TCbR2/eAHnqe/flNrLtpP0KNBYLMteSHBRulaC');
insert into usuario (id, documento_identidad, contrasenna) values (136, '35125710H','$2a$10$8NdVDGy2VFmkC.8TCbR2/eAHnqe/flNrLtpP0KNBYLMteSHBRulaC');
insert into usuario (id, documento_identidad, contrasenna) values (137, '42533735L','$2a$10$8NdVDGy2VFmkC.8TCbR2/eAHnqe/flNrLtpP0KNBYLMteSHBRulaC');

insert into usuario (id, documento_identidad, contrasenna) values (138, '85601509V','$2a$10$8NdVDGy2VFmkC.8TCbR2/eAHnqe/flNrLtpP0KNBYLMteSHBRulaC');
insert into usuario (id, documento_identidad, contrasenna) values (139, '45704339G','$2a$10$8NdVDGy2VFmkC.8TCbR2/eAHnqe/flNrLtpP0KNBYLMteSHBRulaC');
insert into usuario (id, documento_identidad, contrasenna) values (140, '41785220Q','$2a$10$8NdVDGy2VFmkC.8TCbR2/eAHnqe/flNrLtpP0KNBYLMteSHBRulaC');
insert into usuario (id, documento_identidad, contrasenna) values (141, '39886384Z','$2a$10$8NdVDGy2VFmkC.8TCbR2/eAHnqe/flNrLtpP0KNBYLMteSHBRulaC');
insert into usuario (id, documento_identidad, contrasenna) values (142, '18513499V','$2a$10$8NdVDGy2VFmkC.8TCbR2/eAHnqe/flNrLtpP0KNBYLMteSHBRulaC');
insert into usuario (id, documento_identidad, contrasenna) values (143, '61988192H','$2a$10$8NdVDGy2VFmkC.8TCbR2/eAHnqe/flNrLtpP0KNBYLMteSHBRulaC');
insert into usuario (id, documento_identidad, contrasenna) values (144, '81173371T','$2a$10$8NdVDGy2VFmkC.8TCbR2/eAHnqe/flNrLtpP0KNBYLMteSHBRulaC');
insert into usuario (id, documento_identidad, contrasenna) values (145, '83322129Y','$2a$10$8NdVDGy2VFmkC.8TCbR2/eAHnqe/flNrLtpP0KNBYLMteSHBRulaC');
insert into usuario (id, documento_identidad, contrasenna) values (146, '50922421F','$2a$10$8NdVDGy2VFmkC.8TCbR2/eAHnqe/flNrLtpP0KNBYLMteSHBRulaC');
insert into usuario (id, documento_identidad, contrasenna) values (147, '90263561S','$2a$10$8NdVDGy2VFmkC.8TCbR2/eAHnqe/flNrLtpP0KNBYLMteSHBRulaC');

/*Usuarios administradores*/
insert into usuario (id, documento_identidad, contrasenna) values (148, '35782468B','$2a$10$8NdVDGy2VFmkC.8TCbR2/eAHnqe/flNrLtpP0KNBYLMteSHBRulaC');
insert into usuario (id, documento_identidad, contrasenna) values (149, '15541872J','$2a$10$8NdVDGy2VFmkC.8TCbR2/eAHnqe/flNrLtpP0KNBYLMteSHBRulaC');
insert into usuario (id, documento_identidad, contrasenna) values (150, '77409290F','$2a$10$8NdVDGy2VFmkC.8TCbR2/eAHnqe/flNrLtpP0KNBYLMteSHBRulaC');
insert into usuario (id, documento_identidad, contrasenna) values (151, '42451280L','$2a$10$8NdVDGy2VFmkC.8TCbR2/eAHnqe/flNrLtpP0KNBYLMteSHBRulaC');
insert into usuario (id, documento_identidad, contrasenna) values (152, '87845271Z','$2a$10$8NdVDGy2VFmkC.8TCbR2/eAHnqe/flNrLtpP0KNBYLMteSHBRulaC');

/*Usuarios para mostrar la web*/
insert into usuario (id, documento_identidad, contrasenna) values (153, '44612746Z','$2a$10$8NdVDGy2VFmkC.8TCbR2/eAHnqe/flNrLtpP0KNBYLMteSHBRulaC');
insert into usuario (id, documento_identidad, contrasenna) values (154, '86385012W','$2a$10$8NdVDGy2VFmkC.8TCbR2/eAHnqe/flNrLtpP0KNBYLMteSHBRulaC');

/*Usuarios de pacientes relleno para el enfermero de arriba*/
insert into usuario (id, documento_identidad, contrasenna) values (155, '35658137H','$2a$10$8NdVDGy2VFmkC.8TCbR2/eAHnqe/flNrLtpP0KNBYLMteSHBRulaC');
insert into usuario (id, documento_identidad, contrasenna) values (156, '13180100L','$2a$10$8NdVDGy2VFmkC.8TCbR2/eAHnqe/flNrLtpP0KNBYLMteSHBRulaC');
insert into usuario (id, documento_identidad, contrasenna) values (157, '93613640Y','$2a$10$8NdVDGy2VFmkC.8TCbR2/eAHnqe/flNrLtpP0KNBYLMteSHBRulaC');

/*Asignar roles a los usuarios enfermeros y administradores*/
delete from rolesusuariocentro;

insert into rolesusuariocentro (id, usuario, rol, centro) values (1, 108, 1, 1);
insert into rolesusuariocentro (id, usuario, rol, centro) values (2, 109, 1, 1);
insert into rolesusuariocentro (id, usuario, rol, centro) values (3, 110, 1, 1);
insert into rolesusuariocentro (id, usuario, rol, centro) values (4, 111, 1, 1);
insert into rolesusuariocentro (id, usuario, rol, centro) values (5, 112, 1, 1);
insert into rolesusuariocentro (id, usuario, rol, centro) values (6, 113, 1, 1);
insert into rolesusuariocentro (id, usuario, rol, centro) values (7, 114, 1, 1);
insert into rolesusuariocentro (id, usuario, rol, centro) values (8, 115, 1, 1);
insert into rolesusuariocentro (id, usuario, rol, centro) values (9, 116, 1, 1);
insert into rolesusuariocentro (id, usuario, rol, centro) values (10, 117, 1, 1);

insert into rolesusuariocentro (id, usuario, rol, centro) values (11, 118, 1, 2);
insert into rolesusuariocentro (id, usuario, rol, centro) values (12, 119, 1, 2);
insert into rolesusuariocentro (id, usuario, rol, centro) values (13, 120, 1, 2);
insert into rolesusuariocentro (id, usuario, rol, centro) values (14, 121, 1, 2);
insert into rolesusuariocentro (id, usuario, rol, centro) values (15, 122, 1, 2);
insert into rolesusuariocentro (id, usuario, rol, centro) values (16, 123, 1, 2);
insert into rolesusuariocentro (id, usuario, rol, centro) values (17, 124, 1, 2);
insert into rolesusuariocentro (id, usuario, rol, centro) values (18, 125, 1, 2);
insert into rolesusuariocentro (id, usuario, rol, centro) values (19, 126, 1, 2);
insert into rolesusuariocentro (id, usuario, rol, centro) values (20, 127, 1, 2);

insert into rolesusuariocentro (id, usuario, rol, centro) values (21, 128, 1, 3);
insert into rolesusuariocentro (id, usuario, rol, centro) values (22, 129, 1, 3);
insert into rolesusuariocentro (id, usuario, rol, centro) values (23, 130, 1, 3);
insert into rolesusuariocentro (id, usuario, rol, centro) values (24, 131, 1, 3);
insert into rolesusuariocentro (id, usuario, rol, centro) values (25, 132, 1, 3);
insert into rolesusuariocentro (id, usuario, rol, centro) values (26, 133, 1, 3);
insert into rolesusuariocentro (id, usuario, rol, centro) values (27, 134, 1, 3);
insert into rolesusuariocentro (id, usuario, rol, centro) values (28, 135, 1, 3);
insert into rolesusuariocentro (id, usuario, rol, centro) values (29, 136, 1, 3);
insert into rolesusuariocentro (id, usuario, rol, centro) values (30, 137, 1, 3);

insert into rolesusuariocentro (id, usuario, rol, centro) values (31, 138, 1, 4);
insert into rolesusuariocentro (id, usuario, rol, centro) values (32, 139, 1, 4);
insert into rolesusuariocentro (id, usuario, rol, centro) values (33, 140, 1, 4);
insert into rolesusuariocentro (id, usuario, rol, centro) values (34, 141, 1, 4);
insert into rolesusuariocentro (id, usuario, rol, centro) values (35, 142, 1, 4);
insert into rolesusuariocentro (id, usuario, rol, centro) values (36, 143, 1, 4);
insert into rolesusuariocentro (id, usuario, rol, centro) values (37, 144, 1, 4);
insert into rolesusuariocentro (id, usuario, rol, centro) values (38, 145, 1, 4);
insert into rolesusuariocentro (id, usuario, rol, centro) values (39, 146, 1, 4);
insert into rolesusuariocentro (id, usuario, rol, centro) values (40, 147, 1, 4);

insert into rolesusuariocentro (id, usuario, rol, centro) values (41, 148, 2, 1);
insert into rolesusuariocentro (id, usuario, rol, centro) values (42, 149, 2, 2);
insert into rolesusuariocentro (id, usuario, rol, centro) values (43, 150, 2, 3);
insert into rolesusuariocentro (id, usuario, rol, centro) values (44, 151, 2, 4);
insert into rolesusuariocentro (id, usuario, rol, centro) values (45, 152, 3, 1);

insert into rolesusuariocentro (id, usuario, rol, centro) values (46, 154, 1, 1);
insert into rolesusuariocentro (id, usuario, rol, centro) values (47, 154, 1, 3);

/*Añadir pruebas a enfermeros*/
delete from enfermeropruebas;

insert into enfermeropruebas  (id, enfermero, prueba) values (1, 108, 1);
insert into enfermeropruebas  (id, enfermero, prueba) values (2, 108, 2);
insert into enfermeropruebas  (id, enfermero, prueba) values (3, 108, 4);
insert into enfermeropruebas  (id, enfermero, prueba) values (4, 108, 5);
insert into enfermeropruebas  (id, enfermero, prueba) values (5, 109, 1);
insert into enfermeropruebas  (id, enfermero, prueba) values (6, 109, 2);
insert into enfermeropruebas  (id, enfermero, prueba) values (7, 109, 4);
insert into enfermeropruebas  (id, enfermero, prueba) values (8, 109, 5);
insert into enfermeropruebas  (id, enfermero, prueba) values (9, 109, 6);
insert into enfermeropruebas  (id, enfermero, prueba) values (10, 110, 1);
insert into enfermeropruebas  (id, enfermero, prueba) values (11, 110, 2);
insert into enfermeropruebas  (id, enfermero, prueba) values (12, 110, 4);
insert into enfermeropruebas  (id, enfermero, prueba) values (13, 110, 5);
insert into enfermeropruebas  (id, enfermero, prueba) values (14, 110, 6);
insert into enfermeropruebas  (id, enfermero, prueba) values (15, 111, 1);
insert into enfermeropruebas  (id, enfermero, prueba) values (16, 111, 2);
insert into enfermeropruebas  (id, enfermero, prueba) values (17, 111, 4);
insert into enfermeropruebas  (id, enfermero, prueba) values (18, 111, 5);
insert into enfermeropruebas  (id, enfermero, prueba) values (19, 111, 6);
insert into enfermeropruebas  (id, enfermero, prueba) values (20, 112, 1);
insert into enfermeropruebas  (id, enfermero, prueba) values (21, 112, 2);
insert into enfermeropruebas  (id, enfermero, prueba) values (22, 112, 6);
insert into enfermeropruebas  (id, enfermero, prueba) values (23, 113, 1);
insert into enfermeropruebas  (id, enfermero, prueba) values (24, 113, 2);
insert into enfermeropruebas  (id, enfermero, prueba) values (25, 113, 4);
insert into enfermeropruebas  (id, enfermero, prueba) values (26, 113, 5);
insert into enfermeropruebas  (id, enfermero, prueba) values (27, 114, 1);
insert into enfermeropruebas  (id, enfermero, prueba) values (28, 114, 2);
insert into enfermeropruebas  (id, enfermero, prueba) values (29, 114, 4);
insert into enfermeropruebas  (id, enfermero, prueba) values (30, 114, 5);
insert into enfermeropruebas  (id, enfermero, prueba) values (31, 114, 6);
insert into enfermeropruebas  (id, enfermero, prueba) values (32, 115, 1);
insert into enfermeropruebas  (id, enfermero, prueba) values (33, 115, 2);
insert into enfermeropruebas  (id, enfermero, prueba) values (34, 115, 4);
insert into enfermeropruebas  (id, enfermero, prueba) values (35, 115, 5);
insert into enfermeropruebas  (id, enfermero, prueba) values (36, 115, 6);
insert into enfermeropruebas  (id, enfermero, prueba) values (37, 116, 1);
insert into enfermeropruebas  (id, enfermero, prueba) values (38, 116, 2);
insert into enfermeropruebas  (id, enfermero, prueba) values (39, 116, 4);
insert into enfermeropruebas  (id, enfermero, prueba) values (40, 116, 5);
insert into enfermeropruebas  (id, enfermero, prueba) values (41, 116, 6);
insert into enfermeropruebas  (id, enfermero, prueba) values (42, 117, 1);
insert into enfermeropruebas  (id, enfermero, prueba) values (43, 117, 2);
insert into enfermeropruebas  (id, enfermero, prueba) values (44, 117, 4);
insert into enfermeropruebas  (id, enfermero, prueba) values (45, 117, 5);

insert into enfermeropruebas  (id, enfermero, prueba) values (46, 118, 1);
insert into enfermeropruebas  (id, enfermero, prueba) values (47, 118, 2);
insert into enfermeropruebas  (id, enfermero, prueba) values (48, 118, 5);
insert into enfermeropruebas  (id, enfermero, prueba) values (49, 119, 1);
insert into enfermeropruebas  (id, enfermero, prueba) values (50, 119, 2);
insert into enfermeropruebas  (id, enfermero, prueba) values (51, 119, 5);
insert into enfermeropruebas  (id, enfermero, prueba) values (52, 120, 1);
insert into enfermeropruebas  (id, enfermero, prueba) values (53, 120, 2);
insert into enfermeropruebas  (id, enfermero, prueba) values (54, 120, 5);
insert into enfermeropruebas  (id, enfermero, prueba) values (55, 120, 6);
insert into enfermeropruebas  (id, enfermero, prueba) values (56, 120, 7);
insert into enfermeropruebas  (id, enfermero, prueba) values (57, 121, 5);
insert into enfermeropruebas  (id, enfermero, prueba) values (58, 121, 6);
insert into enfermeropruebas  (id, enfermero, prueba) values (59, 121, 7);
insert into enfermeropruebas  (id, enfermero, prueba) values (60, 122, 1);
insert into enfermeropruebas  (id, enfermero, prueba) values (61, 122, 2);
insert into enfermeropruebas  (id, enfermero, prueba) values (62, 122, 5);
insert into enfermeropruebas  (id, enfermero, prueba) values (63, 122, 6);
insert into enfermeropruebas  (id, enfermero, prueba) values (64, 122, 7);
insert into enfermeropruebas  (id, enfermero, prueba) values (65, 123, 1);
insert into enfermeropruebas  (id, enfermero, prueba) values (66, 123, 2);
insert into enfermeropruebas  (id, enfermero, prueba) values (67, 123, 6);
insert into enfermeropruebas  (id, enfermero, prueba) values (68, 123, 7);
insert into enfermeropruebas  (id, enfermero, prueba) values (69, 124, 1);
insert into enfermeropruebas  (id, enfermero, prueba) values (70, 124, 2);
insert into enfermeropruebas  (id, enfermero, prueba) values (71, 124, 6);
insert into enfermeropruebas  (id, enfermero, prueba) values (72, 124, 7);
insert into enfermeropruebas  (id, enfermero, prueba) values (73, 125, 1);
insert into enfermeropruebas  (id, enfermero, prueba) values (74, 125, 2);
insert into enfermeropruebas  (id, enfermero, prueba) values (75, 125, 5);
insert into enfermeropruebas  (id, enfermero, prueba) values (76, 125, 6);
insert into enfermeropruebas  (id, enfermero, prueba) values (77, 125, 7);
insert into enfermeropruebas  (id, enfermero, prueba) values (78, 126, 1);
insert into enfermeropruebas  (id, enfermero, prueba) values (79, 126, 2);
insert into enfermeropruebas  (id, enfermero, prueba) values (80, 126, 5);
insert into enfermeropruebas  (id, enfermero, prueba) values (81, 126, 6);
insert into enfermeropruebas  (id, enfermero, prueba) values (82, 126, 7);
insert into enfermeropruebas  (id, enfermero, prueba) values (83, 127, 5);
insert into enfermeropruebas  (id, enfermero, prueba) values (84, 127, 6);
insert into enfermeropruebas  (id, enfermero, prueba) values (85, 127, 7);

insert into enfermeropruebas  (id, enfermero, prueba) values (86, 128, 1);
insert into enfermeropruebas  (id, enfermero, prueba) values (87, 128, 2);
insert into enfermeropruebas  (id, enfermero, prueba) values (88, 128, 3);
insert into enfermeropruebas  (id, enfermero, prueba) values (89, 128, 4);
insert into enfermeropruebas  (id, enfermero, prueba) values (90, 128, 6);
insert into enfermeropruebas  (id, enfermero, prueba) values (91, 128, 7);
insert into enfermeropruebas  (id, enfermero, prueba) values (92, 129, 1);
insert into enfermeropruebas  (id, enfermero, prueba) values (93, 129, 2);
insert into enfermeropruebas  (id, enfermero, prueba) values (94, 129, 3);
insert into enfermeropruebas  (id, enfermero, prueba) values (95, 129, 4);
insert into enfermeropruebas  (id, enfermero, prueba) values (96, 129, 6);
insert into enfermeropruebas  (id, enfermero, prueba) values (97, 129, 7);
insert into enfermeropruebas  (id, enfermero, prueba) values (98, 130, 1);
insert into enfermeropruebas  (id, enfermero, prueba) values (99, 130, 2);
insert into enfermeropruebas  (id, enfermero, prueba) values (100, 130, 3);
insert into enfermeropruebas  (id, enfermero, prueba) values (101, 130, 4);
insert into enfermeropruebas  (id, enfermero, prueba) values (102, 130, 6);
insert into enfermeropruebas  (id, enfermero, prueba) values (103, 130, 7);
insert into enfermeropruebas  (id, enfermero, prueba) values (104, 131, 1);
insert into enfermeropruebas  (id, enfermero, prueba) values (105, 131, 2);
insert into enfermeropruebas  (id, enfermero, prueba) values (106, 131, 6);
insert into enfermeropruebas  (id, enfermero, prueba) values (107, 131, 7);
insert into enfermeropruebas  (id, enfermero, prueba) values (108, 132, 1);
insert into enfermeropruebas  (id, enfermero, prueba) values (109, 132, 2);
insert into enfermeropruebas  (id, enfermero, prueba) values (110, 132, 3);
insert into enfermeropruebas  (id, enfermero, prueba) values (111, 132, 4);
insert into enfermeropruebas  (id, enfermero, prueba) values (112, 132, 6);
insert into enfermeropruebas  (id, enfermero, prueba) values (113, 132, 7);
insert into enfermeropruebas  (id, enfermero, prueba) values (114, 133, 1);
insert into enfermeropruebas  (id, enfermero, prueba) values (115, 133, 2);
insert into enfermeropruebas  (id, enfermero, prueba) values (116, 133, 3);
insert into enfermeropruebas  (id, enfermero, prueba) values (117, 133, 4);
insert into enfermeropruebas  (id, enfermero, prueba) values (118, 134, 1);
insert into enfermeropruebas  (id, enfermero, prueba) values (119, 134, 2);
insert into enfermeropruebas  (id, enfermero, prueba) values (120, 134, 3);
insert into enfermeropruebas  (id, enfermero, prueba) values (121, 134, 4);
insert into enfermeropruebas  (id, enfermero, prueba) values (122, 134, 6);
insert into enfermeropruebas  (id, enfermero, prueba) values (123, 134, 7);
insert into enfermeropruebas  (id, enfermero, prueba) values (124, 135, 1);
insert into enfermeropruebas  (id, enfermero, prueba) values (125, 135, 2);
insert into enfermeropruebas  (id, enfermero, prueba) values (126, 135, 3);
insert into enfermeropruebas  (id, enfermero, prueba) values (127, 135, 4);
insert into enfermeropruebas  (id, enfermero, prueba) values (128, 135, 6);
insert into enfermeropruebas  (id, enfermero, prueba) values (129, 135, 7);
insert into enfermeropruebas  (id, enfermero, prueba) values (130, 136, 1);
insert into enfermeropruebas  (id, enfermero, prueba) values (131, 136, 2);
insert into enfermeropruebas  (id, enfermero, prueba) values (132, 136, 3);
insert into enfermeropruebas  (id, enfermero, prueba) values (133, 136, 4);
insert into enfermeropruebas  (id, enfermero, prueba) values (134, 137, 1);
insert into enfermeropruebas  (id, enfermero, prueba) values (135, 137, 2);
insert into enfermeropruebas  (id, enfermero, prueba) values (136, 137, 6);
insert into enfermeropruebas  (id, enfermero, prueba) values (137, 137, 7);

insert into enfermeropruebas  (id, enfermero, prueba) values (138, 138, 2);
insert into enfermeropruebas  (id, enfermero, prueba) values (139, 138, 3);
insert into enfermeropruebas  (id, enfermero, prueba) values (140, 138, 4);
insert into enfermeropruebas  (id, enfermero, prueba) values (141, 138, 5);
insert into enfermeropruebas  (id, enfermero, prueba) values (142, 138, 6);
insert into enfermeropruebas  (id, enfermero, prueba) values (143, 138, 7);
insert into enfermeropruebas  (id, enfermero, prueba) values (144, 139, 2);
insert into enfermeropruebas  (id, enfermero, prueba) values (145, 139, 3);
insert into enfermeropruebas  (id, enfermero, prueba) values (146, 139, 4);
insert into enfermeropruebas  (id, enfermero, prueba) values (147, 139, 5);
insert into enfermeropruebas  (id, enfermero, prueba) values (148, 140, 3);
insert into enfermeropruebas  (id, enfermero, prueba) values (149, 140, 4);
insert into enfermeropruebas  (id, enfermero, prueba) values (150, 140, 5);
insert into enfermeropruebas  (id, enfermero, prueba) values (151, 140, 6);
insert into enfermeropruebas  (id, enfermero, prueba) values (152, 140, 7);
insert into enfermeropruebas  (id, enfermero, prueba) values (153, 141, 2);
insert into enfermeropruebas  (id, enfermero, prueba) values (154, 141, 3);
insert into enfermeropruebas  (id, enfermero, prueba) values (155, 141, 4);
insert into enfermeropruebas  (id, enfermero, prueba) values (156, 141, 5);
insert into enfermeropruebas  (id, enfermero, prueba) values (157, 142, 2);
insert into enfermeropruebas  (id, enfermero, prueba) values (158, 142, 6);
insert into enfermeropruebas  (id, enfermero, prueba) values (159, 142, 7);
insert into enfermeropruebas  (id, enfermero, prueba) values (160, 143, 2);
insert into enfermeropruebas  (id, enfermero, prueba) values (161, 143, 3);
insert into enfermeropruebas  (id, enfermero, prueba) values (162, 143, 4);
insert into enfermeropruebas  (id, enfermero, prueba) values (163, 143, 5);
insert into enfermeropruebas  (id, enfermero, prueba) values (164, 144, 2);
insert into enfermeropruebas  (id, enfermero, prueba) values (165, 144, 3);
insert into enfermeropruebas  (id, enfermero, prueba) values (166, 144, 4);
insert into enfermeropruebas  (id, enfermero, prueba) values (167, 144, 5);
insert into enfermeropruebas  (id, enfermero, prueba) values (168, 145, 3);
insert into enfermeropruebas  (id, enfermero, prueba) values (169, 145, 4);
insert into enfermeropruebas  (id, enfermero, prueba) values (170, 145, 5);
insert into enfermeropruebas  (id, enfermero, prueba) values (171, 145, 6);
insert into enfermeropruebas  (id, enfermero, prueba) values (172, 145, 7);
insert into enfermeropruebas  (id, enfermero, prueba) values (173, 146, 2);
insert into enfermeropruebas  (id, enfermero, prueba) values (174, 146, 6);
insert into enfermeropruebas  (id, enfermero, prueba) values (175, 146, 7);
insert into enfermeropruebas  (id, enfermero, prueba) values (176, 147, 2);
insert into enfermeropruebas  (id, enfermero, prueba) values (177, 147, 6);
insert into enfermeropruebas  (id, enfermero, prueba) values (178, 147, 7);

insert into enfermeropruebas  (id, enfermero, prueba) values (179, 154, 1);
insert into enfermeropruebas  (id, enfermero, prueba) values (180, 154, 2);
insert into enfermeropruebas  (id, enfermero, prueba) values (181, 154, 3);
insert into enfermeropruebas  (id, enfermero, prueba) values (182, 154, 4);
insert into enfermeropruebas  (id, enfermero, prueba) values (183, 154, 5);
insert into enfermeropruebas  (id, enfermero, prueba) values (184, 154, 6);
insert into enfermeropruebas  (id, enfermero, prueba) values (185, 154, 7);

/*Asignar notificaciones a paciente ejemplo*/
delete from notificacion;

insert into notificacion (id, visualizada, codigo, fecha, idreferencia, usuario) values (1, true, 'nueva_cita_creada', TO_TIMESTAMP('09/18/2017 11:49:00', 'MM/DD/YYYY HH24:MI:SS'), 324, 153);
insert into notificacion (id, visualizada, codigo, fecha, idreferencia, usuario) values (2, true, 'nueva_cita_creada', TO_TIMESTAMP('10/16/2022 21:40:00', 'MM/DD/YYYY HH24:MI:SS'), 325, 153);
insert into notificacion (id, visualizada, codigo, fecha, idreferencia, usuario) values (3, true, 'nueva_cita_creada', TO_TIMESTAMP('03/27/2022 14:22:00', 'MM/DD/YYYY HH24:MI:SS'), 326, 153);
insert into notificacion (id, visualizada, codigo, fecha, idreferencia, usuario) values (4, true, 'nueva_cita_creada', TO_TIMESTAMP('03/18/2020 16:00:00', 'MM/DD/YYYY HH24:MI:SS'), 327, 153);
insert into notificacion (id, visualizada, codigo, fecha, idreferencia, usuario) values (5, true, 'nueva_cita_creada', TO_TIMESTAMP('02/03/2023 15:34:00', 'MM/DD/YYYY HH24:MI:SS'), 328, 153);
insert into notificacion (id, visualizada, codigo, fecha, idreferencia, usuario) values (6, false, 'cita_cambiada', TO_TIMESTAMP('02/09/2023 19:55:00', 'MM/DD/YYYY HH24:MI:SS'), 328, 153);
